id,Text,positive,neutral,negative,anger,anticipation,disgust,fear,joy,love,optimism,pessimism,sadness,surprise,trust
1073954228379488257,"Patchwork Nature-K Biarritz.

#mineral #mineraux #minerals #mineralogy #mineralogie #mineralspecimen #mineralshop #geology #geologie #rock #mineralsforsale #lithotherapie #lithotherapy‚Ä¶ http",0.095,0.8905,0.0145,0.01727720908820629,0.3910812437534332,0.03300192952156067,0.01029124390333891,0.7005106806755066,0.0314360149204731,0.17955772578716278,0.015223044902086258,0.03624917194247246,0.08591704070568085,0.042562659829854965
1280919372379205632,http Pendentif Pointe #lithotherapie #lithoth√©rapie #lithotherapy #bijou #bijoux #bijouxpierres #bijouxpierresnaturelles #pierrenaturelle #pierresnaturelles #naturalstone #sant√© #sant√©naturel #bienetre‚Ä¶ http,0.0728,0.905,0.0223,0.021213529631495476,0.28863605856895447,0.04131839796900749,0.009408113546669483,0.5210527181625366,0.016028283163905144,0.13974159955978394,0.018044576048851013,0.05381283909082413,0.047252729535102844,0.02284264750778675
1283413458952781825,"Aquamarine bracelet Serenity / soothes anxiety 
Origin: Madagascar / Brazil
#England #usa #lithotherapy #natural #mode #landofspirit http",0.1548,0.82,0.0252,0.004275528248399496,0.14303474128246307,0.007031850051134825,0.4546893835067749,0.6845378279685974,0.10917271673679352,0.9193407893180847,0.04219978302717209,0.11072251945734024,0.010687544010579586,0.12244581431150436
1159539568581992448,"We LOOOOVE red agate! ‚ù§Ô∏è‚ù§Ô∏è‚ù§Ô∏è

Get This Bracelet Duo ‚ñ∫‚ñ∫‚ñ∫
CANADA ‚ñ∫ http ‚ñ∫ http #diffuser #aromatherapy #lithotherapy #red #agate #hazel #wood #pure #hazelwood #purehazelwood #men #hazelwoodbracelet #natural #stone http",0.9247,0.0724,0.0029,0.011942426674067974,0.13872107863426208,0.013147663325071335,0.011609414592385292,0.9898680448532104,0.652341365814209,0.6898897290229797,0.007213847246021032,0.01189901027828455,0.07191669195890427,0.13438178598880768
881919605433933824,#BlackTourmaline and #labradorite bracelets have arrived üôå #Gemstone #healingPower #lithotherapy http,0.9029,0.0949,0.0021,0.008021811954677105,0.3272134065628052,0.014719130471348763,0.007499027065932751,0.9370606541633606,0.06769853085279465,0.6127346754074097,0.011036613024771214,0.03186826780438423,0.053871039301157,0.06888243556022644
1161704779279720449,"If you are balanced all is good! Come our monday healing session!
https://t.co/Mkojjaecde

#kozmoenerji #kozmikenerji #cosmoenergy #KOAcademy #meditation #yoga #crystalhealing #lithotherapy #kristal #reiki #mantra #yantra #healing  #aromatherapy #chakra #aura #brussels #belgium",0.8874,0.1092,0.0034,0.012726038694381714,0.1466728001832962,0.009241500869393349,0.011503170244395733,0.9725377559661865,0.23136624693870544,0.9578666090965271,0.009095401503145695,0.014865051954984665,0.024810854345560074,0.23997974395751953
1180479229449900036,"Charming polished #Orange #Carnelian Pebble Palm Stone for #Confidence and #Compassion, 2.2 ounces / 62 grams
#crystals #healing #metaphysical #lithotherapy #gifts 
#ForSale #Etsy - http via @user",0.555,0.4363,0.0087,0.009941956028342247,0.16187217831611633,0.008812441490590572,0.008764796890318394,0.9808533191680908,0.23735322058200836,0.9194182753562927,0.00815142784267664,0.016590174287557602,0.030208153650164604,0.1629822850227356
1243786655816757248,http Agate Botswana Bracelet Boule 6mm AB #lithotherapie #lithoth√©rapie #lithotherapy #bijou #bijoux #bijouxpierres #bijouxpierresnaturelles #pierrenaturelle #pierresnaturelles #naturalstone #sant√©‚Ä¶ http,0.0514,0.9255,0.0231,0.023221274837851524,0.29669925570487976,0.04456807300448418,0.011013155803084373,0.4808618426322937,0.01632075570523739,0.12335801869630814,0.01815989427268505,0.050943054258823395,0.05734384432435036,0.023971745744347572
1295984245354225665,"Show them ur love... @user ü•∞‚ù£Ô∏è
#Mininga #bijouxfaitmain #Africa #Art #accessories #Accessoires #pierresemiprecieuse #Pierres #Stones #fashionaccessory #lithoth√©rapie #lithotherapy #wristwear #bracelet #braceletsoftheday http",0.9288,0.0686,0.0026,0.009238728322088718,0.06427893787622452,0.011697088368237019,0.013287346810102463,0.9863716959953308,0.8338764905929565,0.6987679600715637,0.011421331204473972,0.03074433095753193,0.03968355432152748,0.11694751679897308
856468041999290368,"New #earrings #silver #moon #tribal #feather #Lithotherapy #shamanic #moonstone #LesPlumesDAmazone
available here =&gt; http http",0.2147,0.7785,0.0068,0.010806173086166382,0.583152174949646,0.016391389071941376,0.012037980370223522,0.9412415027618408,0.1142764762043953,0.4002261161804199,0.010807436890900135,0.01995069533586502,0.124954953789711,0.11182978749275208
1216390209492877315,http Sodalite Bracelet boules 4mm #lithotherapie #lithoth√©rapie #lithotherapy #bijou #bijoux #bijouxpierres #bijouxpierresnaturelles #pierrenaturelle #pierresnaturelles #naturalstone #sant√©‚Ä¶ http,0.08,0.894,0.026,0.01872442103922367,0.2573208510875702,0.03809352219104767,0.011318586766719818,0.49441441893577576,0.01741531677544117,0.12324292957782745,0.01858396828174591,0.05844873934984207,0.04654785618185997,0.021115362644195557
598473037932064768,Photo: #lithotherapy #mineralstone #amethyst #pinkquartz #quartz #tourmaline #opale Besoin de me tourner... http,0.0977,0.8938,0.0085,0.009681717492640018,0.3861839771270752,0.020664898678660393,0.010052445344626904,0.8683931231498718,0.057848621159791946,0.2732509672641754,0.012991035357117653,0.03863845765590668,0.08259283006191254,0.05163383483886719
1115375473809416192,"Australian minerals, Queensland.
#mineral #mineraux #minerals #mineralogy #mineralogie #mineralspecimen #mineralshop #geology #geologie #rock #mineralsforsale #lithotherapie #lithotherapy #fossil #fossils... http",0.0602,0.9132,0.0266,0.021393772214651108,0.3024643659591675,0.03673625364899635,0.01015952043235302,0.6089286804199219,0.027455352246761322,0.143482968211174,0.016775010153651237,0.04366081580519676,0.08249742537736893,0.03442773222923279
1125086174408736773,(Ethiopian Opal Meaning &amp; Use: Boosts Precognition &amp; Decision Making) - http #Chakras #CrystalHealing #Lithotherapy http,0.2101,0.7835,0.0065,0.028073657304048538,0.5846107602119446,0.03259340673685074,0.024426117539405823,0.27281519770622253,0.01083531603217125,0.8033766746520996,0.04189615324139595,0.042813654989004135,0.03040948323905468,0.14623510837554932
384182975648526336,#Jet to Amber - Group G. -Stones whose specific gravity is under 2.00. Jet 1.348 Amber 1.000 - #lithotherapy http,0.0394,0.9463,0.0143,0.046862490475177765,0.3418697416782379,0.07386945188045502,0.00824668724089861,0.405409038066864,0.012785028666257858,0.09075666964054108,0.017735186964273453,0.04547761380672455,0.07429852336645126,0.02455201931297779
1252266813104304129,http Pendentif Coeur Howlite  #lithotherapie #lithoth√©rapie #lithotherapy #bijou #bijoux #bijouxpierres #bijouxpierresnaturelles #pierrenaturelle #pierresnaturelles #naturalstone #sant√© #sant√©naturel‚Ä¶ http,0.0683,0.9117,0.02,0.021801522001624107,0.3013160228729248,0.042536891996860504,0.009918089024722576,0.5045157670974731,0.015206498093903065,0.1459258496761322,0.018617771565914154,0.053289636969566345,0.04815923795104027,0.023929787799715996
911865567002456064,"Work in progress du dimanche matin.
#quartz #lithotherapie #MadeInFrance #lithotherapy #sunstone‚Ä¶ http",0.1012,0.8889,0.0099,0.025577254593372345,0.5357471108436584,0.039973944425582886,0.015363992191851139,0.4625130891799927,0.018008874729275703,0.2221461683511734,0.01878449320793152,0.03179047256708145,0.07933326810598373,0.05749223381280899
794619462917816321,"New babies!
#lithotherapy #lapislazuli #fluorine #hematite #powerofgems #spiritualhealing http",0.8061,0.189,0.0049,0.0045974887907505035,0.1433335542678833,0.007562210783362389,0.01221291720867157,0.9787572026252747,0.5055292248725891,0.8574904799461365,0.015266604721546173,0.06487089395523071,0.03086807020008564,0.15498343110084534
1257149288448221187,"I've learn about the existence of Moldavite yesterday. I think it is nice to share.
https://t.co/1ksUpZatY1
#meteorite #lithotherapy http",0.9443,0.0526,0.0032,0.015150445513427258,0.24331656098365784,0.012442544102668762,0.013605903834104538,0.9873858690261841,0.213429257273674,0.8710854649543762,0.006243338342756033,0.00780046172440052,0.0760534256696701,0.17191101610660553
1102567439836028928,We have a winner ! #FakeMed #lithotherapy http,0.9172,0.0786,0.0043,0.5643699169158936,0.30862486362457275,0.2855110168457031,0.01489333901554346,0.7398502230644226,0.01719222031533718,0.8146505355834961,0.021733790636062622,0.022992564365267754,0.038646772503852844,0.08886060863733292
1125086170134863872,"Ethiopian Opal Meaning &amp; Use: Boosts Precognition &amp; Decision Making - 

Boosts Precognition, Decision Making &amp; Creativity

Written By Liz Oakes

Ethiopian Opal are excellent crystals to use for... - http #CrystalHealing #Lithotherapy http",0.7029,0.2907,0.0064,0.018079515546560287,0.28868043422698975,0.012104661203920841,0.012962226755917072,0.8952444791793823,0.06273101270198822,0.9558500647544861,0.012641401030123234,0.01633359119296074,0.02631036750972271,0.26378023624420166
1169982355886497792,http  Quartz Rose Bracelet 6mm Double Rang  #lithotherapie #lithoth√©rapie #lithotherapy #bijou #bijoux #bijouxpierres #bijouxpierresnaturelles #pierrenaturelle #pierresnaturelles #naturalstone #sant√©‚Ä¶ http,0.0705,0.9178,0.0117,0.015138796530663967,0.33510756492614746,0.027459673583507538,0.013233098201453686,0.6038651466369629,0.024198252707719803,0.14420107007026672,0.015524637885391712,0.04131442308425903,0.060314152389764786,0.03212474659085274
1095668828909068288,üíöüíôüíú GIVEAWAY üíõüß°‚ù§Ô∏èEnter here ‚ñ∫ http #chakras #chakra #zen #bracelet #matte #shiny #natural #gemstone #stone #yoga #lithotherapy #aromatherapy #volcanic #lava #diffuser http,0.8357,0.1619,0.0024,0.015605197288095951,0.5210916996002197,0.014765125699341297,0.01767834834754467,0.9748839139938354,0.1523893028497696,0.7063723206520081,0.00798333715647459,0.009311424568295479,0.14589646458625793,0.16441763937473297
1180505090588909570,http Bracelet Turquoise Corail Onyx üíô‚ù§Ô∏èüñ§  #lithotherapie #lithoth√©rapie #lithotherapy #bijou #bijoux #bijouxpierres #bijouxpierresnaturelles #pierrenaturelle #pierresnaturelles #naturalstone #sant√©‚Ä¶ http,0.9007,0.0961,0.0033,0.007221347186714411,0.36370858550071716,0.015371071174740791,0.012625596486032009,0.9119917750358582,0.09224485605955124,0.303485244512558,0.011790737509727478,0.0368976853787899,0.07673939317464828,0.057004716247320175
889437255043084288,"Magical terrarium  necklace ^_^

#MagicOfPlants #Lithotherapy #Stones #Gemstones #Quartz #Amethyst #Herbes  #Necklace #Fantasy #Jewelry #f√©e http",0.4182,0.5717,0.0101,0.011833985336124897,0.6695113182067871,0.017957352101802826,0.0552881583571434,0.9677162766456604,0.12410920858383179,0.46927207708358765,0.013465886935591698,0.019626976922154427,0.23567001521587372,0.12490516901016235
1439969532811124739,"A MESSAGE OF #HOPE - LAMICE's New Song ""A QUESTION OF #TIME"" 
#NewSong #Pop #Faith #Pandemic #Expatriation #War #Conflict #Covid #Pandemie #Farewell #Goodbye #Courage #Lebanon #Liban #Stones #FineStones #Pierres #PierresFines #Lithotherapie #Lithotherapy http",0.2251,0.7526,0.0223,0.045045819133520126,0.048049572855234146,0.05171582102775574,0.17057743668556213,0.6403477191925049,0.04486509785056114,0.8974774479866028,0.04302481189370155,0.22060036659240723,0.00803021714091301,0.049023520201444626
1151889641148039168,Bracelet Cornaline. #lithotherapie #lithoth√©rapie #lithotherapy #bijou #bijoux #bijouxpierres #bijouxpierresnaturelles #pierrenaturelle #pierresnaturelles #naturalstone #sant√© #sant√©naturel #bienetre #beaut√©‚Ä¶ http,0.1097,0.8708,0.0195,0.008070629090070724,0.24190208315849304,0.01645153947174549,0.007399885915219784,0.9344449043273926,0.094052754342556,0.4315502345561981,0.010105591267347336,0.03484529256820679,0.053507231175899506,0.054439377039670944
363383368236679168,#Jet to Amber - Group G. -Stones whose specific gravity is under 2.00. Jet 1.348 Amber 1.000 - #lithotherapy http,0.0394,0.9463,0.0143,0.046862490475177765,0.3418697416782379,0.07386945188045502,0.00824668724089861,0.405409038066864,0.012785028666257858,0.09075666964054108,0.017735186964273453,0.04547761380672455,0.07429852336645126,0.02455201931297779
720840765883088898,"Reverse #crystalline #artresin pour..
‚ú® 
New #PortalSeries painting for kid's rooms
‚ú® 
#crystalhealing
#lithotherapy http",0.1616,0.8298,0.0086,0.008659825660288334,0.43898141384124756,0.014823631383478642,0.007743198424577713,0.9554375410079956,0.10481264442205429,0.6000455617904663,0.010341648012399673,0.026103442534804344,0.07418984919786453,0.09781322628259659
1128220873633292288,"Rough blue-green yellowish Apatite with a strong pleochroism from Taita mines, Kenya. No treatment, 100% natural. http #apatitebleu #apatite #roughapatite #mineral #lithotherapie #lithotherapy #blueapatite #mineralshop #phosphate #dlvjewel #brut http",0.062,0.7529,0.1851,0.405337393283844,0.1417694240808487,0.6399189829826355,0.03797299787402153,0.02494070492684841,0.002472342224791646,0.02220827341079712,0.10484521836042404,0.281085729598999,0.044980041682720184,0.0053870403207838535
1280919701917364224,http Pendentif Pointe #lithotherapie #lithoth√©rapie #lithotherapy #bijou #bijoux #bijouxpierres #bijouxpierresnaturelles #pierrenaturelle #pierresnaturelles #naturalstone #sant√© #sant√©naturel #bienetre‚Ä¶ http,0.0728,0.905,0.0223,0.021213529631495476,0.28863605856895447,0.04131839796900749,0.009408113546669483,0.5210527181625366,0.016028283163905144,0.13974159955978394,0.018044576048851013,0.05381283909082413,0.047252729535102844,0.02284264750778675
1089940815143677958,"Thanks rollonjade for this #pink #quartz üíñ I‚Äôm sure it will become my new #beauty and #health companion ‚ò∫Ô∏è

#lithotherapie #lithotherapy #lymphaticmassage #lympathicsystem #massage √†‚Ä¶ http",0.9812,0.0164,0.0024,0.010650429874658585,0.08361177891492844,0.010907964780926704,0.012240138836205006,0.990861177444458,0.7331903576850891,0.8676941990852356,0.009036802686750889,0.014835656620562077,0.04372907802462578,0.174054816365242
76011375385780224,Just noticed that my labradorite is warmer than my others crystals... Someone knows why ? #crystals #Wicca #pagan #lithotherapy,0.0933,0.8323,0.0744,0.0655374526977539,0.5772586464881897,0.1413540244102478,0.09678807109594345,0.18498177826404572,0.020279934629797935,0.022141486406326294,0.06568163633346558,0.12450998276472092,0.47509413957595825,0.040965743362903595
1151889052628598789,Bracelet Corail Bambou. #lithotherapie #lithoth√©rapie #lithotherapy #bijou #bijoux #bijouxpierres #bijouxpierresnaturelles #pierrenaturelle #pierresnaturelles #naturalstone #sant√© #sant√©naturel #bienetre #beaut√©‚Ä¶ http,0.1196,0.859,0.0214,0.007989222183823586,0.28054648637771606,0.016445105895400047,0.00930558517575264,0.9182738661766052,0.07689981907606125,0.396016925573349,0.010503948666155338,0.03297111392021179,0.05845339968800545,0.052993595600128174
1151925931386310657,"üì£ WIN YOUR FAVORITE BRACELET STYLE!

Enter on Facebook today : http #contest #bracelet #freebracelet #winners #pure #hazel #wood #purehazelwood #hazelwood #lava #volcanic #stones #lithotherapy #aromatherapy #diffuser #bracelet #diffuserbracelet http",0.8308,0.1654,0.0038,0.010490071028470993,0.5060008764266968,0.009852921590209007,0.024213429540395737,0.978004515171051,0.30972012877464294,0.8052229285240173,0.008731076493859291,0.013052375055849552,0.09767265617847443,0.23762571811676025
1066372751563329537,"Green Apophyllite DISCOBALL http via @user 
#dlvjewelstore #etsy : green Apophyllite flower http #apophyllitediscoball #greenapophyllite #apophyllite #reiki #reikistone #zen #relaxation #lithotherapy #lithotherapie #minthmineral #maharashtra",0.1701,0.8185,0.0114,0.014967410825192928,0.2761884927749634,0.024669334292411804,0.006183192599564791,0.8654959797859192,0.04154171422123909,0.3140663504600525,0.009473856538534164,0.027519837021827698,0.054849740117788315,0.040823984891176224
834797899657523202,Black Onyx repels negative energy &amp; fortifies self-determination #GentStone #mensbracelet #lithotherapy #vancity #beadedbracelet #dailyhive http,0.2515,0.7169,0.0316,0.027679014950990677,0.21663464605808258,0.016023943200707436,0.017749812453985214,0.7734280824661255,0.05140290409326553,0.9756763577461243,0.018951501697301865,0.028142858296632767,0.015729540959000587,0.295032262802124
1169982961086869505,http Quartz Rose Bracelet Pierres Ovales #lithotherapie #lithoth√©rapie #lithotherapy #bijou #bijoux #bijouxpierres #bijouxpierresnaturelles #pierrenaturelle #pierresnaturelles #naturalstone #sant√©‚Ä¶ http,0.0785,0.9068,0.0147,0.014987227506935596,0.2669675946235657,0.0299147367477417,0.010513151064515114,0.6028775572776794,0.023529136553406715,0.14733508229255676,0.01667642779648304,0.05399518460035324,0.0489274263381958,0.0251699760556221
1280918958669955079,http Pendentif Pointe #lithotherapie #lithoth√©rapie #lithotherapy #bijou #bijoux #bijouxpierres #bijouxpierresnaturelles #pierrenaturelle #pierresnaturelles #naturalstone #sant√© #sant√©naturel #bienetre‚Ä¶ http,0.0728,0.905,0.0223,0.021213529631495476,0.28863605856895447,0.04131839796900749,0.009408113546669483,0.5210527181625366,0.016028283163905144,0.13974159955978394,0.018044576048851013,0.05381283909082413,0.047252729535102844,0.02284264750778675
804712297604202497,My advent calendar üòç...  #spoilingmyself #lithotherapy #stoneslover http,0.9748,0.0234,0.0018,0.007891155779361725,0.05206092819571495,0.012294287793338299,0.00971467699855566,0.9887451529502869,0.5759422183036804,0.7141057252883911,0.00972842052578926,0.0410827174782753,0.04353214055299759,0.0679740235209465
355063429981159425,#Jet to Amber - Group G. -Stones whose specific gravity is under 2.00. Jet 1.348 Amber 1.000 - #lithotherapy http,0.0394,0.9463,0.0143,0.046862490475177765,0.3418697416782379,0.07386945188045502,0.00824668724089861,0.405409038066864,0.012785028666257858,0.09075666964054108,0.017735186964273453,0.04547761380672455,0.07429852336645126,0.02455201931297779
392733281403547648,#Jet to Amber - Group G. -Stones whose specific gravity is under 2.00. Jet 1.348 Amber 1.000 - #lithotherapy http,0.0394,0.9463,0.0143,0.046862490475177765,0.3418697416782379,0.07386945188045502,0.00824668724089861,0.405409038066864,0.012785028666257858,0.09075666964054108,0.017735186964273453,0.04547761380672455,0.07429852336645126,0.02455201931297779
1124289896162705408,Facebook giveaway ‚ñ∫ http #mothersday #mother #diffuser #bracelet #necklace #jewelry #lava #volcanic #natural #therapeutic #aromatherapy #lithotherapy #hazel #wood #necklace #purehazelwood #hazelwood http,0.4897,0.5058,0.0045,0.012764690443873405,0.20239128172397614,0.016689108684659004,0.006103538442403078,0.9857731461524963,0.27999556064605713,0.6196810603141785,0.007509734947234392,0.01993202045559883,0.0871298536658287,0.09046044200658798
1121057628740837376,"‚ù§Ô∏è

Bracelets ‚ñ∫ http ‚ñ∫ http ‚ñ∫ http #bracelet #diffuser #aromatherapy #lithotherapy #gemstones #natural #therapeutic #hazel #wood #purehazelwood #pure # hazelwood #lava #jewelry #essentialoil http",0.3277,0.6646,0.0077,0.009661374613642693,0.22713972628116608,0.011983310803771019,0.007569936569780111,0.9831374883651733,0.2780606746673584,0.731799304485321,0.0070121437311172485,0.013553233817219734,0.06369397789239883,0.12537328898906708
930844088970240000,CRISTAL BOX üîÆ http #box #gift #Noel #Christmas #ChristmasIsComing #cristal #stones #lithotherapy http,0.4274,0.5693,0.0033,0.006215516943484545,0.14847250282764435,0.010873682796955109,0.0152713218703866,0.9876071810722351,0.6466113924980164,0.5802313685417175,0.011148412711918354,0.0408671572804451,0.06930436193943024,0.10012657940387726
1457610137619865601,"#Lithotherapy for #drug addicts in
 #Kyrgyzstan. The #Nazaraliev Rehabilitation Center has devised an unconventional way to cure patients of #heroin addiction. Addicts break free from psychological addiction by choosing a stone they can confide in by transporting it on a 250-km http",0.1521,0.8251,0.0228,0.01652025617659092,0.5106280446052551,0.029865438118577003,0.03287124261260033,0.366890549659729,0.0158639308065176,0.8932618498802185,0.08044209331274033,0.15695923566818237,0.021107228472828865,0.1398441195487976
1280918620357439489,http Pendentif Pointe #lithotherapie #lithoth√©rapie #lithotherapy #bijou #bijoux #bijouxpierres #bijouxpierresnaturelles #pierrenaturelle #pierresnaturelles #naturalstone #sant√© #sant√©naturel‚Ä¶ http,0.0744,0.904,0.0216,0.020657885819673538,0.2951895594596863,0.04042808338999748,0.009394045919179916,0.5326167345046997,0.01640143245458603,0.14620785415172577,0.01776222698390484,0.052409444004297256,0.048264045268297195,0.02382110245525837
1507661732679929856,"Created for women of passion, the Sunshine Passionata ring.
It features a vibrant citrine which evokes #abundance in #lithotherapy.
Celebrate you
March is dedicated to empowering women üíï

#womenofpassion #marchismemonth #celebrateyou #lifeisbeautiful‚Ä¶ http http",0.9621,0.0355,0.0023,0.013135356828570366,0.05565234646201134,0.010302663780748844,0.012579066678881645,0.9876977801322937,0.7131472826004028,0.929174542427063,0.010588572360575199,0.017090724781155586,0.027264554053544998,0.2029472142457962
1125223293332725761,The Bluebird Daily #retwt is out! http Stories via @user @user @user #crystalhealing #lithotherapy,0.1797,0.8153,0.005,0.01871277391910553,0.6387786865234375,0.03657820448279381,0.016512403264641762,0.5392924547195435,0.018601665273308754,0.20487180352210999,0.0201413556933403,0.04171133041381836,0.10564403235912323,0.05905740335583687
1280921903708987392,http Pendentif Pointe #lithotherapie #lithoth√©rapie #lithotherapy #bijou #bijoux #bijouxpierres #bijouxpierresnaturelles #pierrenaturelle #pierresnaturelles #naturalstone #sant√© #sant√©naturel #bienetre‚Ä¶ http,0.0728,0.905,0.0223,0.021213529631495476,0.28863605856895447,0.04131839796900749,0.009408113546669483,0.5210527181625366,0.016028283163905144,0.13974159955978394,0.018044576048851013,0.05381283909082413,0.047252729535102844,0.02284264750778675
1280918762422763522,http Pendentif Pointe #lithotherapie #lithoth√©rapie #lithotherapy #bijou #bijoux #bijouxpierres #bijouxpierresnaturelles #pierrenaturelle #pierresnaturelles #naturalstone #sant√© #sant√©naturel #bienetre‚Ä¶ http,0.0728,0.905,0.0223,0.021213529631495476,0.28863605856895447,0.04131839796900749,0.009408113546669483,0.5210527181625366,0.016028283163905144,0.13974159955978394,0.018044576048851013,0.05381283909082413,0.047252729535102844,0.02284264750778675
628834903338172416,http #lithotherapie #lithotherapy domain name for sale http,0.0734,0.9166,0.0101,0.026079688221216202,0.5790927410125732,0.05059594660997391,0.038328565657138824,0.23906752467155457,0.013589479960501194,0.054109763354063034,0.03157312795519829,0.06855032593011856,0.10347990691661835,0.03207379952073097
1125068720831901696,"Merci pour le gentil message ! ‚òÖ‚òÖ‚òÖ‚òÖ‚òÖ ""Very beautiful crystal and very kind seller - thank you!"" doris http #mineralstore #greenapophylliteflower #decoration #apophylliteflowers  #mineralcollection #reikistone #lithotherapie #lithotherapy #dlvjewel http",0.9781,0.0186,0.0033,0.01158453430980444,0.08546972274780273,0.012712979689240456,0.01126563735306263,0.9911543130874634,0.724403977394104,0.736673891544342,0.007756777107715607,0.01405488234013319,0.0639156922698021,0.12209723889827728
393408835517681664,#Jet to Amber - Group G. -Stones whose specific gravity is under 2.00. Jet 1.348 Amber 1.000 - #lithotherapy http,0.0394,0.9463,0.0143,0.046862490475177765,0.3418697416782379,0.07386945188045502,0.00824668724089861,0.405409038066864,0.012785028666257858,0.09075666964054108,0.017735186964273453,0.04547761380672455,0.07429852336645126,0.02455201931297779
1015098016842338304,"Baby Dream in detail and worn. Bright, sweet with very beautiful energies. Bracelet lava healing balance beads available at http 

#paintedelune #moonstonejewelry #onlineshop #lithotherapy #stringstone #deepstonestoulouse #gemstonejewelry #bracelet #bracelets http",0.914,0.0824,0.0036,0.00790535006672144,0.08594226837158203,0.010565731674432755,0.011823935434222221,0.9890601634979248,0.7818628549575806,0.7458800077438354,0.010484187863767147,0.026789383962750435,0.0479416698217392,0.1302637755870819
1272577438539812874,"New post about #moonstone meanings and properties ! #lithotherapy
https://t.co/loRsPyIzOa http",0.3118,0.6819,0.0063,0.03918081521987915,0.6753423810005188,0.05858646705746651,0.020340166985988617,0.4886776804924011,0.01781805418431759,0.13916164636611938,0.019795551896095276,0.030557215213775635,0.16902752220630646,0.062377382069826126
839877419037249537,May the Bouddha be with me ! #bouddha #howlite #stone #lithotherapy http,0.8973,0.0998,0.0029,0.00592510960996151,0.08509676158428192,0.006997345015406609,0.012992563657462597,0.9743639230728149,0.6017358303070068,0.8982923626899719,0.014568045735359192,0.044465526938438416,0.01899871975183487,0.18118534982204437
685317511794024448,"Discover the power of #Lithotherapy with us. 

#HabLife #Health #StayHealthy #MindBodySocial #NewYearResolutions... http",0.8793,0.1178,0.0029,0.013432399369776249,0.18145470321178436,0.009085556492209435,0.01646055467426777,0.9581955075263977,0.16887812316417694,0.9712410569190979,0.01137539092451334,0.015499026514589787,0.026245232671499252,0.3113650977611542
1204099930463375361,http Bracelet boules 4mm Cornaline. #lithotherapie #lithoth√©rapie #lithotherapy #bijou #bijoux #bijouxpierres #bijouxpierresnaturelles #pierrenaturelle #pierresnaturelles #naturalstone #sant√©‚Ä¶ http,0.0735,0.9052,0.0213,0.015304106287658215,0.28525546193122864,0.03190841153264046,0.014121618121862411,0.5106911659240723,0.01851610094308853,0.1288127303123474,0.018247241154313087,0.053085584193468094,0.04847756773233414,0.02395554445683956
536672867983687680,Integrate the Layers of SELF with Astrophyllite  http  #lithotherapy #minerals #crystalhealing #crystals #norman #oklahoma,0.1015,0.8883,0.0103,0.03983823582530022,0.4969424903392792,0.05633198097348213,0.00988038256764412,0.40244701504707336,0.01258112769573927,0.3077981173992157,0.019291304051876068,0.030830176547169685,0.054781850427389145,0.05275649204850197
1065068885819441162,Amazing and rare green Apophyllite flowers http #apophylliteverte #eternalflowers #greenminth #lithotherapy #greenapophyllite #raremineral #mineralcollection #colletion http,0.9499,0.0479,0.0022,0.013626640662550926,0.18207447230815887,0.017872819676995277,0.011905286461114883,0.9890245795249939,0.446106493473053,0.5500174760818481,0.0072399405762553215,0.01320241205394268,0.1519690454006195,0.10690565407276154
1283417024593625088,"Multiple eye bracelet
 3 different stones
Tiger eye / hawk eye / bull eye Force / returns negative energies / soothes stress 
#landofspirit #lithotherapy #pierresnaturellles #england #jewels #nature #sport #mode #sant√© #force #mensjewels http",0.0552,0.8682,0.0765,0.027327541261911392,0.14310060441493988,0.02628464810550213,0.010371322743594646,0.6811006665229797,0.02572866901755333,0.9377700090408325,0.029500745236873627,0.09665288031101227,0.009358604438602924,0.09803329408168793
1113786387621457920,"Natural Labradorite - blue flashy bright - from Madagascard 1,55kg. #LB01 http #articlespourlamaison #decorationinterieure #bleu #anniversaire #labradorite #reikistone #reiki #deco #meditation #lithotherapie #lithotherapy #dlvjewel #gemstones #minera http",0.1243,0.867,0.0087,0.012561896815896034,0.3400000333786011,0.02057705819606781,0.006322693545371294,0.943548321723938,0.07807226479053497,0.4556713104248047,0.009056958369910717,0.02246999926865101,0.08800199627876282,0.06855296343564987
553278216585367554,Foto: herbwitchery: New baby. Purple labradorite üíú #stone #lithotherapy #labradorite #labradoriteforever... http,0.8233,0.174,0.0027,0.007640347816050053,0.06435558944940567,0.012744540348649025,0.012059146538376808,0.9831486940383911,0.7751394510269165,0.5632516145706177,0.013760278932750225,0.06481972336769104,0.04173064976930618,0.08511224389076233
413305702133010432,#Jet to Amber - Group G. -Stones whose specific gravity is under 2.00. Jet 1.348 Amber 1.000 - #lithotherapy http,0.0394,0.9463,0.0143,0.046862490475177765,0.3418697416782379,0.07386945188045502,0.00824668724089861,0.405409038066864,0.012785028666257858,0.09075666964054108,0.017735186964273453,0.04547761380672455,0.07429852336645126,0.02455201931297779
1204100990007427073,http Bracelet boules 4mm Grenat. #lithotherapie #lithoth√©rapie #lithotherapy #bijou #bijoux #bijouxpierres #bijouxpierresnaturelles #pierrenaturelle #pierresnaturelles #naturalstone #sant√©‚Ä¶ http,0.0741,0.9046,0.0213,0.020410003140568733,0.2953174412250519,0.04227259010076523,0.018885601311922073,0.36453133821487427,0.01210120040923357,0.09663207828998566,0.021167490631341934,0.05806226283311844,0.05094052106142044,0.01995423436164856
1252269380232073218,http Pendentif Coeur Agate Botswana #lithotherapie #lithoth√©rapie #lithotherapy #bijou #bijoux #bijouxpierres #bijouxpierresnaturelles #pierrenaturelle #pierresnaturelles #naturalstone #sant√©‚Ä¶ http,0.0637,0.9137,0.0226,0.021436024457216263,0.27197709679603577,0.04306361451745033,0.009596331976354122,0.5130840539932251,0.016522644087672234,0.12560920417308807,0.01791456714272499,0.0567508339881897,0.05063946545124054,0.021411433815956116
1422512619517317120,"Come and visit the wonderful hermitage
of San Venanzio in #Raiano, #Abruzzo with us. The Scala Santa was a huge hit and I did a spot of #healing too! Full vid: http #hermitage #lithotherapy #scalasanta #Italian #hermit #Saints #visitabruzzo #holiday #familyfun http",0.9719,0.0265,0.0017,0.010810037143528461,0.09678986668586731,0.01407057698816061,0.011766842566430569,0.9923712015151978,0.542982816696167,0.682802677154541,0.007234291173517704,0.014352550730109215,0.09240737557411194,0.08977833390235901
1029473986109956098,"On the road to Chicago, found this awesome Lepidolite in Granite, Mica and Quartz. #lithotherapy #holistic #crystals #healing #reiki #rocks #wellness #meditation @ Fargo, North Dakota http",0.9521,0.046,0.0019,0.014486107975244522,0.1561417281627655,0.01366282906383276,0.01048267912119627,0.9896752238273621,0.2586642801761627,0.8510381579399109,0.006401488557457924,0.009409446269273758,0.07567161321640015,0.13531573116779327
1180504910288314369,http Bracelet Turquoise Corail Onyx üíô‚ù§Ô∏èüñ§  #lithotherapie #lithoth√©rapie #lithotherapy #bijou #bijoux #bijouxpierres #bijouxpierresnaturelles #pierrenaturelle #pierresnaturelles #naturalstone #sant√©‚Ä¶ http,0.9007,0.0961,0.0033,0.007221347186714411,0.36370858550071716,0.015371071174740791,0.012625596486032009,0.9119917750358582,0.09224485605955124,0.303485244512558,0.011790737509727478,0.0368976853787899,0.07673939317464828,0.057004716247320175
776871851008098304,"Full Moon üåíüåïüåò
#moon #fullmoon #wicca #wiccan #witchy #witchcraft #lithotherapy #naturelovers http",0.6184,0.3749,0.0067,0.0072376923635602,0.25430813431739807,0.013954732567071915,0.010555816814303398,0.9800060987472534,0.25053104758262634,0.4987812042236328,0.009811804629862309,0.029539475217461586,0.10750480741262436,0.07714828103780746
1375184451215429632,"In #lithotherapy, having a citrine stone means putting all the chances on our side to see a financial or professional project come to fruition and I have plenty of projects.üôèhttps://t.co/h3dgmuyn3G http",0.9449,0.0517,0.0034,0.016362737864255905,0.3114016354084015,0.010159347206354141,0.03156124800443649,0.9367203712463379,0.11625704169273376,0.9744296073913574,0.012024524621665478,0.012964949011802673,0.032580938190221786,0.3826300799846649
648372972743434240,Oops! #lithotherapy.ru is not mobile friendly yet! Check out how to improve - http,0.018,0.1488,0.8332,0.4600273668766022,0.31163132190704346,0.6788429617881775,0.1280774623155594,0.016585111618041992,0.002548341639339924,0.036236364394426346,0.2459363043308258,0.43251681327819824,0.10569358617067337,0.012617028318345547
1280918418959425537,http Pendentif Pointe #lithotherapie #lithoth√©rapie #lithotherapy #bijou #bijoux #bijouxpierres #bijouxpierresnaturelles #pierrenaturelle #pierresnaturelles #naturalstone #sant√© #sant√©naturel‚Ä¶ http,0.0744,0.904,0.0216,0.020657885819673538,0.2951895594596863,0.04042808338999748,0.009394045919179916,0.5326167345046997,0.01640143245458603,0.14620785415172577,0.01776222698390484,0.052409444004297256,0.048264045268297195,0.02382110245525837
1158015111992356864,"ü§û LAST CHANCE ü§û

https://t.co/vSuWeCwqvD

#giveaway #contest #bracelet #freebracelet #winners #pure #hazel #wood #purehazelwood #hazelwood #lava #volcanic #lavabeads #stones #lithotherapy #aromatherapy #diffuser #bracelet #diffuserbracelet #essentialoil http",0.7466,0.2466,0.0067,0.014131087809801102,0.37365370988845825,0.011429944075644016,0.013980023562908173,0.9720770716667175,0.10878430306911469,0.8670645952224731,0.007355123292654753,0.010220170952379704,0.06320580095052719,0.16800430417060852
1493800538621808644,"Passion and romance
Red garnet and blue moonstone

Get in touch for yours 
Just the touch of colour you need to brave the day. All I need is your ring size ü•∞

Did you know garnet is said to attract love in #lithotherapy ?

#lovegemstones #attractlove‚Ä¶ http http",0.8088,0.1869,0.0043,0.009265921078622341,0.10112268477678299,0.010095627047121525,0.016558067873120308,0.988987386226654,0.8371849060058594,0.7677571177482605,0.011263667605817318,0.02063610404729843,0.05491520091891289,0.16807621717453003
1030281554013114369,Found these beauties at a rock shop in the middle of nowhere Wisconsin. Tell me what do you see? #septarian #dragonstone #crystalshop #roadtrip2018 #lithotherapy #crystalhealing http,0.8194,0.177,0.0036,0.010446412488818169,0.6612789034843445,0.013266433030366898,0.022051289677619934,0.9775453805923462,0.21071216464042664,0.6723650693893433,0.011311033740639687,0.013275349512696266,0.19075551629066467,0.20603106915950775
1125124524578693120,(Eucryptite Meaning &amp; Use: Harmonizes Earth Energy &amp; Relieves Stress) - http #CrystalHealing #HemstoneHealing #Lithotherapy http,0.4059,0.5859,0.0082,0.027986032888293266,0.1790396124124527,0.018980687484145164,0.007655565161257982,0.8169658184051514,0.0467841699719429,0.9450823664665222,0.015204270370304585,0.029520956799387932,0.014184022322297096,0.1657530516386032
1038382839648198656,Discover the beautiful stones of Leo‚Äôs sign Pure üß°üå∏ #gforgems #stones #gems #luxe #love #openmind #relaxation #luxury #pierres #geneva #macro #beauty #healthy #nature #lithotherapy‚Ä¶ http,0.9457,0.0519,0.0024,0.014289414510130882,0.04386135935783386,0.012119284830987453,0.011458341032266617,0.988390326499939,0.7343653440475464,0.8860980868339539,0.009567687287926674,0.017049232497811317,0.029531724750995636,0.14483609795570374
1147850252336189440,Bracelet Aventurine. http   #lithotherapie #lithoth√©rapie #lithotherapy #bijou #bijoux #bijouxpierres #bijouxpierresnaturelles #pierrenaturelle #pierresnaturelles #naturalstone #sant√© #sant√©naturel‚Ä¶ http,0.1219,0.8696,0.0084,0.014717532321810722,0.35123732686042786,0.03027830272912979,0.014630305580794811,0.561489462852478,0.01838233880698681,0.1738065779209137,0.017580868676304817,0.043110817670822144,0.05461229756474495,0.03062880039215088
717622972966707200,"Discover the power of #Lithotherapy with us. 

#HabLife #Health #StayHealthy #MindBodySocial #NewYearResolutions... http",0.8793,0.1178,0.0029,0.013432399369776249,0.18145470321178436,0.009085556492209435,0.01646055467426777,0.9581955075263977,0.16887812316417694,0.9712410569190979,0.01137539092451334,0.015499026514589787,0.026245232671499252,0.3113650977611542
1204408212822396929,http Bracelet boules 4mm Jaspe Mokaite. #lithotherapie #lithoth√©rapie #lithotherapy #bijou #bijoux #bijouxpierres #bijouxpierresnaturelles #pierrenaturelle #pierresnaturelles #naturalstone #sant√©‚Ä¶ http,0.0781,0.9034,0.0186,0.017354663461446762,0.3164527416229248,0.034737590700387955,0.015287571586668491,0.4842455983161926,0.0166863314807415,0.11972888559103012,0.018394092097878456,0.049345050007104874,0.05515085160732269,0.024793455377221107
881560884031696896,Stone of Sky #celestine #stone #stoneofsky #gem #minerals #crystal #museumtarot #lithotherapy #blue http,0.0942,0.8954,0.0104,0.014858037233352661,0.31769049167633057,0.02838798239827156,0.009954537265002728,0.708075225353241,0.03426524996757507,0.16290010511875153,0.013881214894354343,0.03975886479020119,0.06371843814849854,0.03313110023736954
1204407160496635904,http Bracelet boules 4mm Howlite Blanche. #lithotherapie #lithoth√©rapie #lithotherapy #bijou #bijoux #bijouxpierres #bijouxpierresnaturelles #pierrenaturelle #pierresnaturelles #naturalstone #sant√©‚Ä¶ http,0.0812,0.8987,0.0201,0.019093051552772522,0.29234057664871216,0.0393645316362381,0.015801148489117622,0.41971534490585327,0.014875739812850952,0.09887947887182236,0.02037702687084675,0.057731807231903076,0.05346520617604256,0.021160585805773735
656677665857019904,"Rocks now to treat addiction #lithotherapy Addicts in Kyrgyzstan Fight to Break Heroin‚Äôs Grip, Armed With Stones

https://t.co/q911LOU7z3",0.0362,0.8156,0.1482,0.06847573816776276,0.4259723126888275,0.13205432891845703,0.06099670007824898,0.05866265669465065,0.0033687392715364695,0.15880388021469116,0.0761229544878006,0.13209106028079987,0.032120127230882645,0.022640593349933624
1204095206695395328,http Bracelet Boules 6mm Amazonite #lithotherapie #lithoth√©rapie #lithotherapy #bijou #bijoux #bijouxpierres #bijouxpierresnaturelles #pierrenaturelle #pierresnaturelles #naturalstone #sant√©‚Ä¶ http,0.0933,0.8957,0.011,0.017458533868193626,0.29810279607772827,0.03587626665830612,0.01600034534931183,0.4539856016635895,0.016467170789837837,0.10136829316616058,0.01932027004659176,0.05741014704108238,0.05658503249287605,0.022447941824793816
401648292238721024,#Jet to Amber - Group G. -Stones whose specific gravity is under 2.00. Jet 1.348 Amber 1.000 - #lithotherapy http,0.0394,0.9463,0.0143,0.046862490475177765,0.3418697416782379,0.07386945188045502,0.00824668724089861,0.405409038066864,0.012785028666257858,0.09075666964054108,0.017735186964273453,0.04547761380672455,0.07429852336645126,0.02455201931297779
5310075702878208,A Fairy Left Foot Agate necklace by AnneNtoko on @user http #wicca #pagan #lithotherapy #art #semiprecious #stone #agate,0.3003,0.6923,0.0074,0.009719141758978367,0.42364105582237244,0.01844583824276924,0.009820772334933281,0.9034295678138733,0.08429130911827087,0.29179438948631287,0.01180559117347002,0.03575073927640915,0.08718672394752502,0.06063862890005112
1155825878317838337,"üì£ WIN YOUR FAVORITE BRACELET STYLE!

Enter on Facebook today : http #contest #bracelet #freebracelet #winners #pure #hazel #wood #purehazelwood #hazelwood #lava #volcanic #stones #lithotherapy #aromatherapy #diffuser #bracelet #diffuserbracelet http",0.8308,0.1654,0.0038,0.010490071028470993,0.5060008764266968,0.009852921590209007,0.024213429540395737,0.978004515171051,0.30972012877464294,0.8052229285240173,0.008731076493859291,0.013052375055849552,0.09767265617847443,0.23762571811676025
1280921591061319686,http Pendentif Pointe #lithotherapie #lithoth√©rapie #lithotherapy #bijou #bijoux #bijouxpierres #bijouxpierresnaturelles #pierrenaturelle #pierresnaturelles #naturalstone #sant√© #sant√©naturel #bienetre‚Ä¶ http,0.0728,0.905,0.0223,0.021213529631495476,0.28863605856895447,0.04131839796900749,0.009408113546669483,0.5210527181625366,0.016028283163905144,0.13974159955978394,0.018044576048851013,0.05381283909082413,0.047252729535102844,0.02284264750778675
1125307721010556929,(Healing Stone Meanings and Use: Utilizing Crystals &amp; Chakra Stones) - http #CrystalHealing #GemstoneHealing #Lithotherapy http,0.0983,0.8958,0.0059,0.02713422290980816,0.40342822670936584,0.02662377990782261,0.005137085448950529,0.7470818161964417,0.026624472811818123,0.6640490889549255,0.013796667568385601,0.022416025400161743,0.03600402921438217,0.09787777811288834
1204407533592559616,http Bracelet boules 4mm Jaspe Brun. #lithotherapie #lithoth√©rapie #lithotherapy #bijou #bijoux #bijouxpierres #bijouxpierresnaturelles #pierrenaturelle #pierresnaturelles #naturalstone #sant√©‚Ä¶ http,0.0727,0.9087,0.0186,0.016850341111421585,0.28859150409698486,0.035116616636514664,0.01487668976187706,0.4746291935443878,0.017109237611293793,0.10992521047592163,0.019136765971779823,0.0573674812912941,0.053003549575805664,0.022385919466614723
1334468110691266563,Can you do #lithotherapy with kidney stone ? #fakemedicineforidiot http,0.0122,0.206,0.7818,0.16629382967948914,0.4150811731815338,0.3245682716369629,0.07383062690496445,0.02070692926645279,0.0030282901134341955,0.029124418273568153,0.11798302084207535,0.20352070033550262,0.09233208000659943,0.015137252397835255
1280920129874923520,http Pendentif Pointe #lithotherapie #lithoth√©rapie #lithotherapy #bijou #bijoux #bijouxpierres #bijouxpierresnaturelles #pierrenaturelle #pierresnaturelles #naturalstone #sant√© #sant√©naturel #bienetre‚Ä¶ http,0.0728,0.905,0.0223,0.021213529631495476,0.28863605856895447,0.04131839796900749,0.009408113546669483,0.5210527181625366,0.016028283163905144,0.13974159955978394,0.018044576048851013,0.05381283909082413,0.047252729535102844,0.02284264750778675
1426106541569200131,"There is much more to lithotherapy than you know, and that‚Äôs why we unveil the different benefits, techniques, and stones behind this energetic practice #LITHOTHERAPY #STONES #WELLNESS: http http",0.8009,0.1952,0.0039,0.017407339066267014,0.268710732460022,0.011089679785072803,0.016845988109707832,0.9275100827217102,0.07816167920827866,0.9651999473571777,0.011633964255452156,0.014641238376498222,0.02733427658677101,0.2844245135784149
1418302247256137733,LITHOTHERAPY coaching : change your life with crystals ! #etsy #lithotherapy #stones #crystals #preciousstones #lightworker #help #spiritualhelp #healing #healer http http,0.743,0.2519,0.0052,0.013083875179290771,0.12254805117845535,0.009033230133354664,0.011710291728377342,0.9753830432891846,0.274190753698349,0.9612211585044861,0.009668426588177681,0.014431498013436794,0.02636914700269699,0.2633383274078369
1146056533718888448,http   Bracelet Amazonite.  #lithotherapie #lithoth√©rapie #lithotherapy #bijou #bijoux #bijouxpierres #bijouxpierresnaturelles #pierrenaturelle #pierresnaturelles #naturalstone #sant√© #sant√©naturel‚Ä¶ http,0.1016,0.888,0.0104,0.01854545809328556,0.3568400740623474,0.03481127694249153,0.02069360390305519,0.44209474325180054,0.014046302065253258,0.129330113530159,0.018611634150147438,0.041844043880701065,0.05612282082438469,0.027641814202070236
1454552595066937344,"Not so serious post ü•∞

I recently came across lithotherapy and aromatherapy üòç 

Never expected it would offer me a really positive experience.

Have you tried that? And how was it for you?
#mysterious #aromatherapy #lithotherapy",0.9403,0.0532,0.0065,0.013394247740507126,0.46668434143066406,0.012085500173270702,0.026831280440092087,0.9730618000030518,0.10233408957719803,0.9028845429420471,0.009260542690753937,0.010505355894565582,0.09122304618358612,0.20556774735450745
1280918179468976140,http Pendentif Pointe #lithotherapie #lithoth√©rapie #lithotherapy #bijou #bijoux #bijouxpierres #bijouxpierresnaturelles #pierrenaturelle #pierresnaturelles #naturalstone #sant√© #sant√©naturel #bienetre‚Ä¶ http,0.0728,0.905,0.0223,0.021213529631495476,0.28863605856895447,0.04131839796900749,0.009408113546669483,0.5210527181625366,0.016028283163905144,0.13974159955978394,0.018044576048851013,0.05381283909082413,0.047252729535102844,0.02284264750778675
1124703540008689665,"Anti anxiety/depression remedies! St John's wort, üå±rescue, rhodoniteüíé, and incense for meditation üßò‚Äç‚ôÄÔ∏èüïØ#lithotherapy http",0.6233,0.3652,0.0115,0.0047953310422599316,0.13115732371807098,0.010216409340500832,0.8845832943916321,0.3210885524749756,0.0755457803606987,0.6300395131111145,0.1181083396077156,0.2592863142490387,0.013976763002574444,0.0567312091588974
1163011734426308608,"‚Äº I just made 1000 sales on Etsy Shop üëâ http 

To thank you, we offfer a coupon -15 % in all the shop : CUSTOMER15OFF

Very humbled and grateful for the support 

 #bijoux #lithogaia #jewelry #stones #pierres #√©soterique #chakras #zen #lithoth√©rapy http",0.9584,0.0392,0.0024,0.016104204580187798,0.08439590781927109,0.014208927750587463,0.009785881265997887,0.9919812679290771,0.604589581489563,0.8129680752754211,0.006768275983631611,0.010816795751452446,0.061682943254709244,0.13336652517318726
1280922045795229696,http Pendentif Pointe #lithotherapie #lithoth√©rapie #lithotherapy #bijou #bijoux #bijouxpierres #bijouxpierresnaturelles #pierrenaturelle #pierresnaturelles #naturalstone #sant√© #sant√©naturel‚Ä¶ http,0.0744,0.904,0.0216,0.020657885819673538,0.2951895594596863,0.04042808338999748,0.009394045919179916,0.5326167345046997,0.01640143245458603,0.14620785415172577,0.01776222698390484,0.052409444004297256,0.048264045268297195,0.02382110245525837
836398373708136448,514 video http via @user gorgeous opal &lt;3 #blackopal #australian #jewelry #lithotherapy #love #blue #color,0.9739,0.0233,0.0028,0.018544958904385567,0.03297797217965126,0.020302020013332367,0.015598591417074203,0.9814016222953796,0.9121469855308533,0.6137366890907288,0.014544263482093811,0.0373205803334713,0.04375256597995758,0.10194180905818939
812020487668658177,Check out @user blog post on #GentStone! #mensfashion #mensbracelet #menstyle #handmadeinvancouver #lithotherapy #madeincanada #yvr http,0.5104,0.4853,0.0042,0.017368916422128677,0.7235625386238098,0.02220367267727852,0.015587305650115013,0.8932390213012695,0.06008625775575638,0.43690329790115356,0.012449447996914387,0.016622062772512436,0.16395655274391174,0.14271314442157745
707762907610812416,"Discover the power of #Lithotherapy with us. 

#HabLife #Health #StayHealthy #MindBodySocial #Hablis #HablisHotel... http",0.8518,0.1453,0.0029,0.012697642669081688,0.23751920461654663,0.009309167973697186,0.014271371066570282,0.9629130959510803,0.13538995385169983,0.9514825344085693,0.009634725749492645,0.012953347526490688,0.032184846699237823,0.2565530836582184
8870193953,I just added myself to http Twitter Directory under #lithotherapy #gemstones #psychic,0.278,0.7173,0.0047,0.03050142340362072,0.707459032535553,0.048872239887714386,0.01353473961353302,0.4921239912509918,0.01784512773156166,0.21536707878112793,0.024250701069831848,0.04299355670809746,0.11739899218082428,0.06437341123819351
1297768098825633792,üî•NEW NEW NEW üíé Perfume bottle #Necklace  Stainless Steel. #Perfume #Jewelry #Bottle #Lithotherapie #Lithotherapy #Belgium #Pendant #antiqueBottles #lumacreation #bijoux #collierfantaisie #amethyst #quartz http,0.5315,0.4655,0.003,0.016227105632424355,0.3858456611633301,0.02488282509148121,0.008143783546984196,0.8441776037216187,0.04650144651532173,0.23090645670890808,0.011722085997462273,0.03114600107073784,0.08570065349340439,0.051412150263786316
1411693620684640256,"Excited to share the latest addition to my #etsy shop: Large Baikal #JADE plate, Altar stone, Charging Water with Crystals http #green #rarebaikaljade #watercharging #lithotherapy #crystaltherapy #amuletathome #naturalbaikaljade #newagestonesjewelry http",0.9458,0.0526,0.0016,0.021980198100209236,0.6361377835273743,0.01923680491745472,0.026816118508577347,0.9773508310317993,0.12850944697856903,0.7272086143493652,0.009191496297717094,0.008455592207610607,0.19074273109436035,0.20758134126663208
372516898417954816,#Jet to Amber - Group G. -Stones whose specific gravity is under 2.00. Jet 1.348 Amber 1.000 - #lithotherapy http,0.0394,0.9463,0.0143,0.046862490475177765,0.3418697416782379,0.07386945188045502,0.00824668724089861,0.405409038066864,0.012785028666257858,0.09075666964054108,0.017735186964273453,0.04547761380672455,0.07429852336645126,0.02455201931297779
1283414380168839171,"Blue apatite bracelet Balance stone / weight loss aidüëç 
Origin: Brazil
 #landofspirit #lose #Wellbeing #lithotherapy #france #england #pierressemiprecieuse #journal #nature #summer #mode http",0.4149,0.5711,0.014,0.010595608502626419,0.15801218152046204,0.026488106697797775,0.009267877787351608,0.6561458706855774,0.02763570472598076,0.6720203161239624,0.05355682969093323,0.30472949147224426,0.013515488244593143,0.037362825125455856
412223404331524096,#Jet to Amber - Group G. -Stones whose specific gravity is under 2.00. Jet 1.348 Amber 1.000 - #lithotherapy http,0.0394,0.9463,0.0143,0.046862490475177765,0.3418697416782379,0.07386945188045502,0.00824668724089861,0.405409038066864,0.012785028666257858,0.09075666964054108,0.017735186964273453,0.04547761380672455,0.07429852336645126,0.02455201931297779
929767504926273536,In love of this blue colors ‚ù§Ô∏è #gforgems #openmind #lithotherapie #lithotherapy #relax‚Ä¶ http,0.9861,0.0122,0.0017,0.019613442942500114,0.033601272851228714,0.01959959790110588,0.017165547236800194,0.9801801443099976,0.9211888313293457,0.6631167531013489,0.015607527457177639,0.03582305461168289,0.03961285203695297,0.11677055805921555
1125137904966209539,(Cavansite Meaning &amp; Use: Comfortable Transition Thru Major Life Change) - http #CrystalHealing #HemstoneHealing #Lithotherapy http,0.2994,0.6941,0.0065,0.011731700971722603,0.2851629853248596,0.01607637107372284,0.008979295380413532,0.765252411365509,0.03655044734477997,0.9078364968299866,0.026686228811740875,0.0795634537935257,0.01592145301401615,0.11709064245223999
862271696975298560,"New #Necklace #Larimar of #Dominicanrepublic ""Sea of love"" &lt;3
#lithotherapy #sea #love #natur

Available here =&gt; http http",0.8472,0.15,0.0028,0.01192319206893444,0.04884234443306923,0.015001622959971428,0.015113627538084984,0.9830235838890076,0.8916016221046448,0.6145362854003906,0.014305158518254757,0.04045158997178078,0.04305985942482948,0.10644028335809708
1037582865586905088,"Good morning ! üôèüèªüåàüßò‚Äç‚ôÄÔ∏èüßò‚Äç‚ôÄÔ∏è
#goodmorning #bonnejourn√©e #lithofeel #lithotherapie #lithotherapy #zen http",0.9743,0.0232,0.0025,0.011677226983010769,0.08595392107963562,0.015986433252692223,0.006791199091821909,0.9867702722549438,0.27522698044776917,0.6842223405838013,0.006557330954819918,0.017894485965371132,0.05798047035932541,0.06337615102529526
1216388716266168321,http Quartz rose Bracelet boules 4mm #lithotherapie #lithoth√©rapie #lithotherapy #bijou #bijoux #bijouxpierres #bijouxpierresnaturelles #pierrenaturelle #pierresnaturelles #naturalstone #sant√©‚Ä¶ http,0.0852,0.8977,0.0171,0.01157388649880886,0.27503159642219543,0.02433650754392147,0.010773580521345139,0.696665346622467,0.03224823996424675,0.17019973695278168,0.015680037438869476,0.05388021469116211,0.05192992836236954,0.029048612341284752
1005840047399202822,"Thankyou for sharing sulphurdesigns -  AKHENA
Available.
#pendant #handmadejewelry #copperjewelry #wirewrapped #wireweaving 
#jewelery #turquoise  #turquoise #tibetturquoise #jewellerymaker #lithotherapy #healingstones #purify #chakra #energetic 
https://t.co/tztewwaKGK http",0.716,0.2771,0.0068,0.009168639779090881,0.23799794912338257,0.011233687400817871,0.007799639366567135,0.986072301864624,0.3754202723503113,0.7267906665802002,0.0071296701207757,0.014013097621500492,0.07207591831684113,0.1404002159833908
1058390508324691968,"10% OFF green agate styles!
SHOP NOW
Canada ‚ñ∫ http ‚ñ∫ http #tree #moss #green #leaf #hazel #hazelwood #wood #pure #purehazelwood #natural #gemstone #lithotherapy #bracelet #necklace #jewelry #jewellery #hazelwoodnecklace #stone http",0.5353,0.4587,0.006,0.013255019672214985,0.38513731956481934,0.01449406798928976,0.011186905205249786,0.9632830619812012,0.14784494042396545,0.5624481439590454,0.0071572535671293736,0.013120845891535282,0.08213597536087036,0.10635913908481598
959692401970475008,"I'm having #troublesleeping because of the #facing and the #pricetag. Those #Bracelets are #perfect ... but know I need to #sell 
#SmallBusiness #Trouble #useless #stress #tired #naturopathicmedicine #lithotherapy #tellurique #hematite #onyx #Amethyst #tourmaline #agate #howlite http",0.0221,0.1603,0.8176,0.30666470527648926,0.06647511571645737,0.5255451202392578,0.47215160727500916,0.008847576566040516,0.003014258574694395,0.021971117705106735,0.54388028383255,0.9019759297370911,0.016924986615777016,0.005601498764008284
1178914240112947204,"PLEASE SHARE !!! üíôüíö‚ô•Ô∏è
LOVE YOU MY ALL ‚ô•Ô∏èü•∞üòò #etsy #sadella #shopping #sarahizdesign #sadellasunivers #artist #painting #jewelry #brussel #belgium #lithotherapy #design #art #picoftheday #follow4follow #instagood‚Ä¶ http",0.975,0.0221,0.003,0.012227307073771954,0.060633935034275055,0.013460365124046803,0.01692243106663227,0.9872184991836548,0.8801895976066589,0.7103155851364136,0.011325350031256676,0.02297692559659481,0.0476662777364254,0.13277719914913177
1280917711980290048,http Pendentif Pointe #lithotherapie #lithoth√©rapie #lithotherapy #bijou #bijoux #bijouxpierres #bijouxpierresnaturelles #pierrenaturelle #pierresnaturelles #naturalstone #sant√© #sant√©naturel #bienetre‚Ä¶ http,0.0728,0.905,0.0223,0.021213529631495476,0.28863605856895447,0.04131839796900749,0.009408113546669483,0.5210527181625366,0.016028283163905144,0.13974159955978394,0.018044576048851013,0.05381283909082413,0.047252729535102844,0.02284264750778675
1401829700754886658,"As seen in @user , our Passionata Sunshine cocktail ring ‚ú®
A ray of sunshine on your fingers

#goldencitrine #bijouxdecreateur #petitebague #showmeyourrings #blingoftheday #lithotherapy #abundancegemstone #yellowring #catherinemarche #citriner‚Ä¶ http http",0.9056,0.0921,0.0024,0.008100796490907669,0.1252819448709488,0.012624711729586124,0.0069993725046515465,0.9871011972427368,0.356342613697052,0.6893322467803955,0.007571252062916756,0.023875746876001358,0.056531526148319244,0.08365675061941147
376566638784413696,#Jet to Amber - Group G. -Stones whose specific gravity is under 2.00. Jet 1.348 Amber 1.000 - #lithotherapy http,0.0394,0.9463,0.0143,0.046862490475177765,0.3418697416782379,0.07386945188045502,0.00824668724089861,0.405409038066864,0.012785028666257858,0.09075666964054108,0.017735186964273453,0.04547761380672455,0.07429852336645126,0.02455201931297779
1280919113452400643,http Pendentif Pointe #lithotherapie #lithoth√©rapie #lithotherapy #bijou #bijoux #bijouxpierres #bijouxpierresnaturelles #pierrenaturelle #pierresnaturelles #naturalstone #sant√© #sant√©naturel‚Ä¶ http,0.0744,0.904,0.0216,0.020657885819673538,0.2951895594596863,0.04042808338999748,0.009394045919179916,0.5326167345046997,0.01640143245458603,0.14620785415172577,0.01776222698390484,0.052409444004297256,0.048264045268297195,0.02382110245525837
362688291692232706,#Jet to Amber - Group G. -Stones whose specific gravity is under 2.00. Jet 1.348 Amber 1.000 - #lithotherapy http,0.0394,0.9463,0.0143,0.046862490475177765,0.3418697416782379,0.07386945188045502,0.00824668724089861,0.405409038066864,0.012785028666257858,0.09075666964054108,0.017735186964273453,0.04547761380672455,0.07429852336645126,0.02455201931297779
1479579088708902915,"This stone called ""Opalite"" symbolizes the well being and self esteem. 

It changes color in the light and depending on the color of the place where the stone is put.

So beautiful, I love it üíé

#opalite #jewelry #minerals #lithotherapy http",0.9194,0.0765,0.0041,0.016714975237846375,0.036390725523233414,0.016280990093946457,0.01591057889163494,0.9826564788818359,0.9022325277328491,0.7664816379547119,0.013844436965882778,0.029884109273552895,0.03399577736854553,0.13888104259967804
1129040501653557250,"SOLAR PLEXUS CHAKRA ‚òÄÔ∏è

CAN ‚ñ∫ http ‚ñ∫ http #chakras #yoga #bracelet #diffuser #volcanic #lava #essentialoil #aromatherapy #tiger #tigereye #yellow #gold #gemstone #natural #lithotherapy #manipura #solar #plexus #purehazelwood http",0.1182,0.8713,0.0105,0.013643751852214336,0.278183251619339,0.022440362721681595,0.0065985992550849915,0.883939802646637,0.05982033163309097,0.33112767338752747,0.009854395873844624,0.02620590105652809,0.05916168540716171,0.0499735064804554
1280919927382310918,http Pendentif Pointe #lithotherapie #lithoth√©rapie #lithotherapy #bijou #bijoux #bijouxpierres #bijouxpierresnaturelles #pierrenaturelle #pierresnaturelles #naturalstone #sant√© #sant√©naturel #bienetre‚Ä¶ http,0.0728,0.905,0.0223,0.021213529631495476,0.28863605856895447,0.04131839796900749,0.009408113546669483,0.5210527181625366,0.016028283163905144,0.13974159955978394,0.018044576048851013,0.05381283909082413,0.047252729535102844,0.02284264750778675
1125110707941515264,"Goshenite Meaning &amp; Use: Boosts Clear Thinking, Truth &amp; Lucid Dreams - 

Aids Clear Thinking, Truth and Heightened Lucid Dreams

Written By Liz Oakes

Goshenite is known to stimulate your inclination ... - http #CrystalHealing #HemstoneHealing #Lithotherapy http",0.5781,0.4145,0.0075,0.023170873522758484,0.30582720041275024,0.01535061001777649,0.014591469429433346,0.7768970727920532,0.03770432993769646,0.9543493986129761,0.016649669036269188,0.020312119275331497,0.021449413150548935,0.2530551850795746
1428567646895841285,Pers√©e brings a wave of energetic force into skincare with two new luxurious accessories that unveil the power of lithotherapy #SKINCARE #WELLNESS #LITHOTHERAPY Learn more about the new collection and the properties behind this practice: http http,0.8852,0.1124,0.0024,0.015391074120998383,0.5672917366027832,0.014258611015975475,0.01663021743297577,0.9765830039978027,0.1297907531261444,0.7975695133209229,0.008985351771116257,0.009542064741253853,0.12550926208496094,0.20706701278686523
929414936312283137,Blue Mood üåø #gforgems #blue #green #mood #saturday #weekend #relax #openmind #lithotherapy‚Ä¶ http,0.5901,0.405,0.005,0.011481177993118763,0.12799730896949768,0.014464177191257477,0.006133683491498232,0.9758633375167847,0.11140774935483932,0.8273866176605225,0.007958635687828064,0.023808281868696213,0.03290417045354843,0.07247093319892883
422723915861880832,#Jet to Amber - Group G. -Stones whose specific gravity is under 2.00. Jet 1.348 Amber 1.000 - #lithotherapy http,0.0394,0.9463,0.0143,0.046862490475177765,0.3418697416782379,0.07386945188045502,0.00824668724089861,0.405409038066864,0.012785028666257858,0.09075666964054108,0.017735186964273453,0.04547761380672455,0.07429852336645126,0.02455201931297779
381565488645799936,#Jet to Amber - Group G. -Stones whose specific gravity is under 2.00. Jet 1.348 Amber 1.000 - #lithotherapy http,0.0394,0.9463,0.0143,0.046862490475177765,0.3418697416782379,0.07386945188045502,0.00824668724089861,0.405409038066864,0.012785028666257858,0.09075666964054108,0.017735186964273453,0.04547761380672455,0.07429852336645126,0.02455201931297779
1063488063869984770,"Shop now | 10% OFF!
CANADA ‚ñ∫ http ‚ñ∫ http #stone #gemstone #natural #hazel #wood #hazelwood #purehazelwood #pure #aromatherapy #lithotherapy #essentialoil #lava #volcanic #diffuser #bracelet #necklace #zen #therapeutic http",0.3716,0.6227,0.0058,0.023920729756355286,0.5040032863616943,0.023796891793608665,0.011079075746238232,0.938998818397522,0.07376325130462646,0.4835014045238495,0.007546266075223684,0.012584973126649857,0.11591070890426636,0.1058298721909523
404484200235302912,#Jet to Amber - Group G. -Stones whose specific gravity is under 2.00. Jet 1.348 Amber 1.000 - #lithotherapy http,0.0394,0.9463,0.0143,0.046862490475177765,0.3418697416782379,0.07386945188045502,0.00824668724089861,0.405409038066864,0.012785028666257858,0.09075666964054108,0.017735186964273453,0.04547761380672455,0.07429852336645126,0.02455201931297779
1280921375541264386,http Pendentif Pointe #lithotherapie #lithoth√©rapie #lithotherapy #bijou #bijoux #bijouxpierres #bijouxpierresnaturelles #pierrenaturelle #pierresnaturelles #naturalstone #sant√© #sant√©naturel #bienetre‚Ä¶ http,0.0728,0.905,0.0223,0.021213529631495476,0.28863605856895447,0.04131839796900749,0.009408113546669483,0.5210527181625366,0.016028283163905144,0.13974159955978394,0.018044576048851013,0.05381283909082413,0.047252729535102844,0.02284264750778675
1280920753739894785,http Pendentif Pointe #lithotherapie #lithoth√©rapie #lithotherapy #bijou #bijoux #bijouxpierres #bijouxpierresnaturelles #pierrenaturelle #pierresnaturelles #naturalstone #sant√© #sant√©naturel‚Ä¶ http,0.0744,0.904,0.0216,0.020657885819673538,0.2951895594596863,0.04042808338999748,0.009394045919179916,0.5326167345046997,0.01640143245458603,0.14620785415172577,0.01776222698390484,0.052409444004297256,0.048264045268297195,0.02382110245525837
1280917935826120705,http Pendentif Pointe #lithotherapie #lithoth√©rapie #lithotherapy #bijou #bijoux #bijouxpierres #bijouxpierresnaturelles #pierrenaturelle #pierresnaturelles #naturalstone #sant√© #sant√©naturel #bienetre‚Ä¶ http,0.0728,0.905,0.0223,0.021213529631495476,0.28863605856895447,0.04131839796900749,0.009408113546669483,0.5210527181625366,0.016028283163905144,0.13974159955978394,0.018044576048851013,0.05381283909082413,0.047252729535102844,0.02284264750778675
1280921156095225857,http Pendentif Pointe #lithotherapie #lithoth√©rapie #lithotherapy #bijou #bijoux #bijouxpierres #bijouxpierresnaturelles #pierrenaturelle #pierresnaturelles #naturalstone #sant√© #sant√©naturel #bienetre‚Ä¶ http,0.0728,0.905,0.0223,0.021213529631495476,0.28863605856895447,0.04131839796900749,0.009408113546669483,0.5210527181625366,0.016028283163905144,0.13974159955978394,0.018044576048851013,0.05381283909082413,0.047252729535102844,0.02284264750778675
1280920943611674624,http Pendentif Pointe #lithotherapie #lithoth√©rapie #lithotherapy #bijou #bijoux #bijouxpierres #bijouxpierresnaturelles #pierrenaturelle #pierresnaturelles #naturalstone #sant√© #sant√©naturel #bienetre‚Ä¶ http,0.0728,0.905,0.0223,0.021213529631495476,0.28863605856895447,0.04131839796900749,0.009408113546669483,0.5210527181625366,0.016028283163905144,0.13974159955978394,0.018044576048851013,0.05381283909082413,0.047252729535102844,0.02284264750778675
1280920493672062976,http Pendentif Pointe #lithotherapie #lithoth√©rapie #lithotherapy #bijou #bijoux #bijouxpierres #bijouxpierresnaturelles #pierrenaturelle #pierresnaturelles #naturalstone #sant√© #sant√©naturel‚Ä¶ http,0.0744,0.904,0.0216,0.020657885819673538,0.2951895594596863,0.04042808338999748,0.009394045919179916,0.5326167345046997,0.01640143245458603,0.14620785415172577,0.01776222698390484,0.052409444004297256,0.048264045268297195,0.02382110245525837
798233974099365888,Ready for a #moonüåï bath #lithotherapy #fullrefill #extrasupermoon2016 http,0.6797,0.3161,0.0042,0.012677798978984356,0.5756312012672424,0.02065754123032093,0.015061957761645317,0.9446921348571777,0.09257770329713821,0.3828935921192169,0.010897782631218433,0.01784648932516575,0.1625813990831375,0.09532869607210159
1280920320837222400,http Pendentif Pointe #lithotherapie #lithoth√©rapie #lithotherapy #bijou #bijoux #bijouxpierres #bijouxpierresnaturelles #pierrenaturelle #pierresnaturelles #naturalstone #sant√© #sant√©naturel #bienetre‚Ä¶ http,0.0728,0.905,0.0223,0.021213529631495476,0.28863605856895447,0.04131839796900749,0.009408113546669483,0.5210527181625366,0.016028283163905144,0.13974159955978394,0.018044576048851013,0.05381283909082413,0.047252729535102844,0.02284264750778675
779363922554064896,"üíö Until Sunday only, all #purehazelwood jewelry with agate are 15% off! Enjoy :) ‚ñ∫ http #greenagate #lithotherapy http",0.9342,0.0641,0.0017,0.019301142543554306,0.24876339733600616,0.019325487315654755,0.011146662756800652,0.9888538122177124,0.19974824786186218,0.6759342551231384,0.006253471132367849,0.009620308876037598,0.1331939399242401,0.10486751049757004
1280919589602226176,http Pendentif Pointe #lithotherapie #lithoth√©rapie #lithotherapy #bijou #bijoux #bijouxpierres #bijouxpierresnaturelles #pierrenaturelle #pierresnaturelles #naturalstone #sant√© #sant√©naturel‚Ä¶ http,0.0744,0.904,0.0216,0.020657885819673538,0.2951895594596863,0.04042808338999748,0.009394045919179916,0.5326167345046997,0.01640143245458603,0.14620785415172577,0.01776222698390484,0.052409444004297256,0.048264045268297195,0.02382110245525837
867427374056357888,"Handmade Jewelry - Lithotherapy 
coming soon üçÄüçÄüçÄ 
infos : contact@maya-moon.com #lithotherapy #handmadejewelry #crystals http",0.4384,0.5569,0.0047,0.01577633246779442,0.7440360188484192,0.02043464221060276,0.017854757606983185,0.8443892002105713,0.043105755001306534,0.5005566477775574,0.014204226434230804,0.018754668533802032,0.10806392133235931,0.13763661682605743
1206996599899119617,http Obsidienne Flocon de Neige Bracelet boules 4mm. #lithotherapie #lithoth√©rapie #lithotherapy #bijou #bijoux #bijouxpierres #bijouxpierresnaturelles #pierrenaturelle #pierresnaturelles #naturalstone‚Ä¶ http,0.0884,0.8956,0.016,0.022596824914216995,0.325918585062027,0.04407277703285217,0.012284512631595135,0.4875350594520569,0.015655063092708588,0.1452825665473938,0.019067758694291115,0.04972591623663902,0.05862817168235779,0.026669973507523537
1204408598199037952,http Bracelet boules 4mm Jaspe Rouge. #lithotherapie #lithoth√©rapie #lithotherapy #bijou #bijoux #bijouxpierres #bijouxpierresnaturelles #pierrenaturelle #pierresnaturelles #naturalstone #sant√©‚Ä¶ http,0.0717,0.9068,0.0215,0.014759980142116547,0.2845729887485504,0.030977727845311165,0.014009309932589531,0.526045560836792,0.018941938877105713,0.1261337846517563,0.018054353073239326,0.05478443205356598,0.04983842000365257,0.023444758728146553
1283416006606704646,White howlite / hematite bracelets Howlite: soothes / promotes sleep Hematite: courage / confidence #landofspirit #soothing #france #natural #stones #lithotherapy #health #positiveattitude #england http,0.519,0.4717,0.0094,0.01347370631992817,0.11154969036579132,0.009942814707756042,0.01159806177020073,0.9679365754127502,0.16333898901939392,0.959047794342041,0.009763892740011215,0.01715022884309292,0.02089996263384819,0.19562415778636932
1125110701696139264,"(Goshenite Meaning &amp; Use: Boosts Clear Thinking, Truth &amp; Lucid Dreams) - http #CrystalHealing #HemstoneHealing #Lithotherapy http",0.6281,0.3676,0.0044,0.020912107080221176,0.22401686012744904,0.01457829587161541,0.011705839075148106,0.8096683621406555,0.048052266240119934,0.9615444540977478,0.017009148374199867,0.026239104568958282,0.0170516949146986,0.23402716219425201
